,SVI_bias,SVI_bias_mean,NUTS_bias,NUTS_bias_mean
0,-0.000466,-0.000394,0.00065,0.000625
1,-0.006289,-0.007862,-0.003153,-0.005703
2,0.000171,-0.003892,0.000679,0.000798
3,-0.007472,-0.008946,-0.007165,-0.006708
4,-0.013308,-0.010264,-0.006721,-0.005733
5,-0.016194,-0.010953,-0.006545,-0.001649