,SVI_coverage,NUTS_coverage
0,0.8425,0.9225
1,0.92625,0.945
2,0.94,0.95875
3,0.9325,0.95125
4,0.93625,0.94875
5,0.91625,0.935