SVI_bias,SVI_bias_mean
0.000904,0.000868
-0.001067,-0.000406
0.000222,-0.000489
0.004196,0.003786
-0.003194,-0.002984
-0.003921,-0.002125